,Date,Hour,Detected emotion,Data
0,08-06-2024,13_59_51,anger,"   anger  disgust  fear  ...  sadness  surprise  neutral
0      1        0     0  ...        0         0        1

[1 rows x 7 columns]"
1,08-06-2024,13_59_53,neutral,"   anger  disgust  fear  ...  sadness  surprise  neutral
0      0        0     0  ...        0         0        1

[1 rows x 7 columns]"
2,08-06-2024,13_59_55,neutral,"   anger  disgust  fear  ...  sadness  surprise  neutral
0      0        0     0  ...        0         0        1

[1 rows x 7 columns]"
3,08-06-2024,13_59_56,sadness,"   anger  disgust  fear  ...  sadness  surprise  neutral
0      0        0     0  ...        1         0        1

[1 rows x 7 columns]"
4,08-06-2024,13_59_57,sadness,"   anger  disgust  fear  ...  sadness  surprise  neutral
0      0        0     0  ...        1         1        1
1      1        1     0  ...        1         0        0

[2 rows x 7 columns]"
5,08-06-2024,13_59_59,anger,"   anger  disgust  fear  ...  sadness  surprise  neutral
0      1        0     0  ...        0         0        0

[1 rows x 7 columns]"
6,08-06-2024,14_00_01,happiness,"   anger  disgust  fear  ...  sadness  surprise  neutral
0      0        0     0  ...        0         0        0

[1 rows x 7 columns]"
7,08-06-2024,14_00_04,anger,"   anger  disgust  fear  ...  sadness  surprise  neutral
0      1        0     0  ...        0         0        1

[1 rows x 7 columns]"
8,08-06-2024,14_00_12,fear,"   anger  disgust  fear  ...  sadness  surprise  neutral
0      0        0     1  ...        0         1        1

[1 rows x 7 columns]"
9,08-06-2024,14_00_16,neutral,"   anger  disgust  fear  ...  sadness  surprise  neutral
0      0        0     0  ...        0         0        1

[1 rows x 7 columns]"
10,08-06-2024,14_00_18,neutral,"   anger  disgust  fear  ...  sadness  surprise  neutral
0      0        0     0  ...        0         0        1
1      0        0     0  ...        1         0        0

[2 rows x 7 columns]"
11,08-06-2024,14_00_21,happiness,"   anger  disgust  fear  ...  sadness  surprise  neutral
0      0        0     0  ...        0         0        0
1      1        0     0  ...        1         0        0

[2 rows x 7 columns]"
12,08-06-2024,14_01_03,neutral,"   anger  disgust  fear  ...  sadness  surprise  neutral
0      0        0     0  ...        0         0        1

[1 rows x 7 columns]"
13,08-06-2024,14_01_05,anger,"   anger  disgust  fear  ...  sadness  surprise  neutral
0      0        0     0  ...        0         0        0

[1 rows x 7 columns]"
14,08-06-2024,14_01_08,happiness,"   anger  disgust  fear  ...  sadness  surprise  neutral
0      0        0     0  ...        0         0        0

[1 rows x 7 columns]"
15,08-06-2024,14_06_11,sadness,"   anger  disgust  fear  ...  sadness  surprise  neutral
0      0        0     0  ...        1         0        0

[1 rows x 7 columns]"
16,08-06-2024,14_06_45,anger,"   anger  disgust  fear  ...  sadness  surprise  neutral
0      1        0     0  ...        1         0        1

[1 rows x 7 columns]"
17,08-06-2024,14_06_46,neutral,"   anger  disgust  fear  ...  sadness  surprise  neutral
0      0        0     0  ...        0         0        1

[1 rows x 7 columns]"
18,08-06-2024,14_06_48,neutral,"   anger  disgust  fear  ...  sadness  surprise  neutral
0      0        0     0  ...        0         0        1

[1 rows x 7 columns]"
19,08-06-2024,14_06_49,sadness,"   anger  disgust  fear  ...  sadness  surprise  neutral
0      0        0     0  ...        1         0        1

[1 rows x 7 columns]"
20,08-06-2024,14_06_50,sadness,"   anger  disgust  fear  ...  sadness  surprise  neutral
0      0        0     0  ...        1         0        1

[1 rows x 7 columns]"
21,08-06-2024,14_06_52,neutral,"   anger  disgust  fear  ...  sadness  surprise  neutral
0      0        0     0  ...        0         0        1

[1 rows x 7 columns]"
22,08-06-2024,14_07_23,sadness,"   anger  disgust  fear  ...  sadness  surprise  neutral
0      0        0     0  ...        1         0        1

[1 rows x 7 columns]"
23,08-06-2024,14_07_27,sadness,"   anger  disgust  fear  ...  sadness  surprise  neutral
0      0        0     0  ...        1         0        1

[1 rows x 7 columns]"
24,08-06-2024,14_07_33,happiness,"   anger  disgust  fear  ...  sadness  surprise  neutral
0      0        0     0  ...        0         0        0

[1 rows x 7 columns]"
25,08-06-2024,14_07_36,sadness,"   anger  disgust  fear  ...  sadness  surprise  neutral
0      0        0     0  ...        1         0        1

[1 rows x 7 columns]"
26,08-06-2024,14_07_37,surprise,"   anger  disgust  fear  ...  sadness  surprise  neutral
0      0        0     0  ...        0         1        1

[1 rows x 7 columns]"
27,08-06-2024,14_07_39,surprise,"   anger  disgust  fear  ...  sadness  surprise  neutral
0      0        0     0  ...        0         1        0

[1 rows x 7 columns]"
28,08-06-2024,14_07_41,sadness,"   anger  disgust  fear  ...  sadness  surprise  neutral
0      0        0     0  ...        1         0        1

[1 rows x 7 columns]"
29,08-06-2024,14_07_43,anger,"   anger  disgust  fear  ...  sadness  surprise  neutral
0      0        0     0  ...        0         0        0

[1 rows x 7 columns]"
30,08-06-2024,14_07_46,sadness,"   anger  disgust  fear  ...  sadness  surprise  neutral
0      0        0     0  ...        1         1        0

[1 rows x 7 columns]"
31,08-06-2024,14_07_48,sadness,"   anger  disgust  fear  ...  sadness  surprise  neutral
0      0        0     0  ...        1         0        1

[1 rows x 7 columns]"
32,08-06-2024,14_07_56,happiness,"   anger  disgust  fear  ...  sadness  surprise  neutral
0      0        0     0  ...        0         0        0

[1 rows x 7 columns]"
33,08-06-2024,14_07_59,happiness,"   anger  disgust  fear  ...  sadness  surprise  neutral
0      0        0     0  ...        0         0        1

[1 rows x 7 columns]"
34,08-06-2024,14_39_41,neutral,"   anger  disgust  fear  ...  sadness  surprise  neutral
0      0        0     0  ...        0         0        1

[1 rows x 7 columns]"
35,08-06-2024,14_39_43,anger,"   anger  disgust  fear  ...  sadness  surprise  neutral
0      1        1     0  ...        1         0        0

[1 rows x 7 columns]"
36,08-06-2024,14_39_45,neutral,"   anger  disgust  fear  ...  sadness  surprise  neutral
0      0        0     0  ...        0         0        1

[1 rows x 7 columns]"
37,08-06-2024,14_39_46,neutral,"   anger  disgust  fear  ...  sadness  surprise  neutral
0      0        0     0  ...        0         0        1

[1 rows x 7 columns]"
38,08-06-2024,14_39_48,neutral,"   anger  disgust  fear  ...  sadness  surprise  neutral
0      0        0     0  ...        0         0        1

[1 rows x 7 columns]"
39,08-06-2024,14_39_49,anger,"   anger  disgust  fear  ...  sadness  surprise  neutral
0      0        0     0  ...        0         0        0

[1 rows x 7 columns]"
40,08-06-2024,14_39_51,neutral,"   anger  disgust  fear  ...  sadness  surprise  neutral
0      0        0     0  ...        0         0        1

[1 rows x 7 columns]"
41,08-06-2024,14_39_52,neutral,"   anger  disgust  fear  ...  sadness  surprise  neutral
0      0        0     0  ...        0         0        1

[1 rows x 7 columns]"
42,08-06-2024,14_39_54,happiness,"   anger  disgust  fear  ...  sadness  surprise  neutral
0      0        0     0  ...        0         0        0

[1 rows x 7 columns]"
43,08-06-2024,14_39_56,sadness,"   anger  disgust  fear  ...  sadness  surprise  neutral
0      0        0     0  ...        1         1        0

[1 rows x 7 columns]"
44,08-06-2024,14_39_57,anger,"   anger  disgust  fear  ...  sadness  surprise  neutral
0      1        0     0  ...        0         0        1

[1 rows x 7 columns]"
45,08-06-2024,14_39_59,sadness,"   anger  disgust  fear  ...  sadness  surprise  neutral
0      0        0     0  ...        1         0        1

[1 rows x 7 columns]"
46,08-06-2024,14_40_00,sadness,"   anger  disgust  fear  ...  sadness  surprise  neutral
0      0        0     0  ...        1         0        1

[1 rows x 7 columns]"
47,08-06-2024,14_40_02,anger,"   anger  disgust  fear  ...  sadness  surprise  neutral
0      1        0     1  ...        1         1        1

[1 rows x 7 columns]"
48,08-06-2024,14_40_24,sadness,"   anger  disgust  fear  ...  sadness  surprise  neutral
0      0        0     0  ...        1         1        1

[1 rows x 7 columns]"
49,08-06-2024,14_40_26,sadness,"   anger  disgust  fear  ...  sadness  surprise  neutral
0      0        0     0  ...        1         0        1

[1 rows x 7 columns]"
50,08-06-2024,14_40_28,neutral,"   anger  disgust  fear  ...  sadness  surprise  neutral
0      0        0     0  ...        0         0        1

[1 rows x 7 columns]"
51,08-06-2024,14_40_31,neutral,"   anger  disgust  fear  ...  sadness  surprise  neutral
0      0        0     0  ...        0         0        1

[1 rows x 7 columns]"
52,08-06-2024,14_40_32,neutral,"   anger  disgust  fear  ...  sadness  surprise  neutral
0      0        0     0  ...        0         0        1

[1 rows x 7 columns]"
53,08-06-2024,14_40_35,anger,"   anger  disgust  fear  ...  sadness  surprise  neutral
0      1        0     1  ...        0         1        1

[1 rows x 7 columns]"
54,08-06-2024,14_40_37,anger,"   anger  disgust  fear  ...  sadness  surprise  neutral
0      1        0     1  ...        1         1        1

[1 rows x 7 columns]"
55,08-06-2024,14_40_40,anger,"   anger  disgust  fear  ...  sadness  surprise  neutral
0      1        0     0  ...        1         0        0

[1 rows x 7 columns]"
56,08-06-2024,14_40_42,anger,"   anger  disgust  fear  ...  sadness  surprise  neutral
0      1        1     1  ...        1         1        1

[1 rows x 7 columns]"
57,08-06-2024,14_40_43,anger,"   anger  disgust  fear  ...  sadness  surprise  neutral
0      1        0     0  ...        1         0        1

[1 rows x 7 columns]"
58,08-06-2024,14_40_45,neutral,"   anger  disgust  fear  ...  sadness  surprise  neutral
0      0        0     0  ...        0         0        1

[1 rows x 7 columns]"
59,08-06-2024,14_40_47,anger,"   anger  disgust  fear  ...  sadness  surprise  neutral
0      1        0     0  ...        1         0        1

[1 rows x 7 columns]"
60,08-06-2024,14_40_48,sadness,"   anger  disgust  fear  ...  sadness  surprise  neutral
0      0        0     0  ...        1         1        1

[1 rows x 7 columns]"
61,08-06-2024,14_40_50,anger,"   anger  disgust  fear  ...  sadness  surprise  neutral
0      1        1     0  ...        1         0        1

[1 rows x 7 columns]"
62,08-06-2024,14_40_51,neutral,"   anger  disgust  fear  ...  sadness  surprise  neutral
0      0        0     0  ...        0         0        1

[1 rows x 7 columns]"
63,08-06-2024,14_40_53,neutral,"   anger  disgust  fear  ...  sadness  surprise  neutral
0      0        0     0  ...        0         0        1

[1 rows x 7 columns]"
64,08-06-2024,14_40_55,neutral,"   anger  disgust  fear  ...  sadness  surprise  neutral
0      0        0     0  ...        0         0        1

[1 rows x 7 columns]"
65,08-06-2024,14_40_56,neutral,"   anger  disgust  fear  ...  sadness  surprise  neutral
0      0        0     0  ...        0         0        1

[1 rows x 7 columns]"
66,08-06-2024,14_40_58,fear,"   anger  disgust  fear  ...  sadness  surprise  neutral
0      0        0     1  ...        1         1        1

[1 rows x 7 columns]"
67,08-06-2024,14_40_59,surprise,"   anger  disgust  fear  ...  sadness  surprise  neutral
0      0        0     0  ...        0         1        1

[1 rows x 7 columns]"
68,08-06-2024,14_41_01,neutral,"   anger  disgust  fear  ...  sadness  surprise  neutral
0      0        0     0  ...        0         0        1

[1 rows x 7 columns]"
69,08-06-2024,14_41_03,surprise,"   anger  disgust  fear  ...  sadness  surprise  neutral
0      0        0     0  ...        0         1        1

[1 rows x 7 columns]"
70,08-06-2024,14_41_05,anger,"   anger  disgust  fear  ...  sadness  surprise  neutral
0      1        0     1  ...        1         1        1

[1 rows x 7 columns]"
71,08-06-2024,14_41_07,neutral,"   anger  disgust  fear  ...  sadness  surprise  neutral
0      0        0     0  ...        0         0        1

[1 rows x 7 columns]"
72,08-06-2024,14_41_09,neutral,"   anger  disgust  fear  ...  sadness  surprise  neutral
0      0        0     0  ...        0         0        1

[1 rows x 7 columns]"
73,08-06-2024,14_41_10,surprise,"   anger  disgust  fear  ...  sadness  surprise  neutral
0      0        0     0  ...        0         1        1

[1 rows x 7 columns]"
74,08-06-2024,14_41_12,anger,"   anger  disgust  fear  ...  sadness  surprise  neutral
0      1        1     0  ...        1         0        0

[1 rows x 7 columns]"
75,08-06-2024,14_41_14,anger,"   anger  disgust  fear  ...  sadness  surprise  neutral
0      1        1     0  ...        1         0        0

[1 rows x 7 columns]"
76,08-06-2024,14_41_15,neutral,"   anger  disgust  fear  ...  sadness  surprise  neutral
0      0        0     0  ...        0         0        1

[1 rows x 7 columns]"
77,08-06-2024,14_41_17,anger,"   anger  disgust  fear  ...  sadness  surprise  neutral
0      1        0     1  ...        1         1        1

[1 rows x 7 columns]"
78,08-06-2024,14_41_18,fear,"   anger  disgust  fear  ...  sadness  surprise  neutral
0      0        0     1  ...        1         1        1

[1 rows x 7 columns]"
79,08-06-2024,14_41_24,anger,"   anger  disgust  fear  ...  sadness  surprise  neutral
0      1        1     0  ...        1         0        0

[1 rows x 7 columns]"
80,08-06-2024,14_41_26,anger,"   anger  disgust  fear  ...  sadness  surprise  neutral
0      1        0     0  ...        0         0        0

[1 rows x 7 columns]"
81,08-06-2024,14_41_28,anger,"   anger  disgust  fear  ...  sadness  surprise  neutral
0      1        0     0  ...        1         1        1

[1 rows x 7 columns]"
82,08-06-2024,14_41_30,anger,"   anger  disgust  fear  ...  sadness  surprise  neutral
0      1        1     0  ...        1         0        1

[1 rows x 7 columns]"
83,08-06-2024,14_41_32,neutral,"   anger  disgust  fear  ...  sadness  surprise  neutral
0      0        0     0  ...        0         0        1

[1 rows x 7 columns]"
84,08-06-2024,14_41_34,happiness,"   anger  disgust  fear  ...  sadness  surprise  neutral
0      0        0     0  ...        0         0        0

[1 rows x 7 columns]"
85,08-06-2024,14_41_35,anger,"   anger  disgust  fear  ...  sadness  surprise  neutral
0      1        0     0  ...        1         0        0

[1 rows x 7 columns]"
86,08-06-2024,14_41_37,sadness,"   anger  disgust  fear  ...  sadness  surprise  neutral
0      0        0     0  ...        1         0        0

[1 rows x 7 columns]"
87,08-06-2024,14_41_39,neutral,"   anger  disgust  fear  ...  sadness  surprise  neutral
0      0        0     0  ...        0         0        1

[1 rows x 7 columns]"
88,08-06-2024,14_41_41,anger,"   anger  disgust  fear  ...  sadness  surprise  neutral
0      1        1     1  ...        1         1        1

[1 rows x 7 columns]"
89,08-06-2024,14_41_42,anger,"   anger  disgust  fear  ...  sadness  surprise  neutral
0      1        0     1  ...        1         1        1

[1 rows x 7 columns]"
90,08-06-2024,14_41_44,anger,"   anger  disgust  fear  ...  sadness  surprise  neutral
0      1        0     1  ...        1         1        1

[1 rows x 7 columns]"
91,08-06-2024,14_41_46,anger,"   anger  disgust  fear  ...  sadness  surprise  neutral
0      1        0     1  ...        1         1        1

[1 rows x 7 columns]"
92,08-06-2024,14_41_47,sadness,"   anger  disgust  fear  ...  sadness  surprise  neutral
0      0        0     0  ...        1         0        1

[1 rows x 7 columns]"
93,08-06-2024,14_41_49,fear,"   anger  disgust  fear  ...  sadness  surprise  neutral
0      0        0     1  ...        1         1        1

[1 rows x 7 columns]"
94,08-06-2024,14_42_35,neutral,"   anger  disgust  fear  ...  sadness  surprise  neutral
0      0        0     0  ...        0         0        1

[1 rows x 7 columns]"
95,08-06-2024,14_42_54,anger,"   anger  disgust  fear  ...  sadness  surprise  neutral
0      1        0     1  ...        1         1        1

[1 rows x 7 columns]"
96,08-06-2024,14_43_02,neutral,"   anger  disgust  fear  ...  sadness  surprise  neutral
0      0        0     0  ...        0         0        1

[1 rows x 7 columns]"
97,08-06-2024,14_43_03,neutral,"   anger  disgust  fear  ...  sadness  surprise  neutral
0      0        0     0  ...        0         0        1

[1 rows x 7 columns]"
98,08-06-2024,14_43_05,fear,"   anger  disgust  fear  ...  sadness  surprise  neutral
0      0        0     1  ...        0         1        1

[1 rows x 7 columns]"
99,08-06-2024,14_43_36,surprise,"   anger  disgust  fear  ...  sadness  surprise  neutral
0      0        0     0  ...        0         1        1

[1 rows x 7 columns]"
100,08-06-2024,14_43_40,anger,"   anger  disgust  fear  ...  sadness  surprise  neutral
0      0        0     0  ...        0         0        0

[1 rows x 7 columns]"
101,08-06-2024,14_43_47,sadness,"   anger  disgust  fear  ...  sadness  surprise  neutral
0      0        0     0  ...        1         0        1

[1 rows x 7 columns]"
102,08-06-2024,14_43_49,neutral,"   anger  disgust  fear  ...  sadness  surprise  neutral
0      0        0     0  ...        0         0        1

[1 rows x 7 columns]"
103,08-06-2024,14_43_59,fear,"   anger  disgust  fear  ...  sadness  surprise  neutral
0      0        0     1  ...        0         1        1

[1 rows x 7 columns]"
104,08-06-2024,14_44_02,fear,"   anger  disgust  fear  ...  sadness  surprise  neutral
0      0        0     1  ...        0         1        1

[1 rows x 7 columns]"
105,08-06-2024,14_44_10,anger,"   anger  disgust  fear  ...  sadness  surprise  neutral
0      0        0     0  ...        0         0        0

[1 rows x 7 columns]"
106,08-06-2024,14_45_07,anger,"   anger  disgust  fear  ...  sadness  surprise  neutral
0      1        0     0  ...        1         0        0

[1 rows x 7 columns]"
107,08-06-2024,14_45_17,neutral,"   anger  disgust  fear  ...  sadness  surprise  neutral
0      0        0     0  ...        0         0        1

[1 rows x 7 columns]"
108,08-06-2024,14_45_22,anger,"   anger  disgust  fear  ...  sadness  surprise  neutral
0      1        0     1  ...        1         1        1

[1 rows x 7 columns]"
109,08-06-2024,14_45_25,anger,"   anger  disgust  fear  ...  sadness  surprise  neutral
0      1        0     0  ...        0         0        0

[1 rows x 7 columns]"
110,08-06-2024,14_45_45,anger,"   anger  disgust  fear  ...  sadness  surprise  neutral
0      1        0     1  ...        0         1        1

[1 rows x 7 columns]"
111,08-06-2024,14_45_48,surprise,"   anger  disgust  fear  ...  sadness  surprise  neutral
0      0        0     0  ...        0         1        1

[1 rows x 7 columns]"
112,08-06-2024,14_45_49,anger,"   anger  disgust  fear  ...  sadness  surprise  neutral
0      1        0     1  ...        1         1        1

[1 rows x 7 columns]"
113,08-06-2024,14_45_54,sadness,"   anger  disgust  fear  ...  sadness  surprise  neutral
0      0        0     0  ...        1         1        1

[1 rows x 7 columns]"
114,08-06-2024,14_46_05,happiness,"   anger  disgust  fear  ...  sadness  surprise  neutral
0      0        0     0  ...        0         0        0

[1 rows x 7 columns]"
115,08-06-2024,14_46_09,sadness,"   anger  disgust  fear  ...  sadness  surprise  neutral
0      0        0     0  ...        1         0        0

[1 rows x 7 columns]"
116,08-06-2024,14_46_41,sadness,"   anger  disgust  fear  ...  sadness  surprise  neutral
0      0        0     0  ...        1         0        1

[1 rows x 7 columns]"
117,08-06-2024,14_46_43,neutral,"   anger  disgust  fear  ...  sadness  surprise  neutral
0      0        0     0  ...        0         0        1

[1 rows x 7 columns]"
118,08-06-2024,14_46_45,neutral,"   anger  disgust  fear  ...  sadness  surprise  neutral
0      0        0     0  ...        0         0        1

[1 rows x 7 columns]"
119,08-06-2024,14_46_47,sadness,"   anger  disgust  fear  ...  sadness  surprise  neutral
0      0        0     0  ...        1         0        1

[1 rows x 7 columns]"
120,08-06-2024,14_46_48,neutral,"   anger  disgust  fear  ...  sadness  surprise  neutral
0      0        0     0  ...        0         0        1

[1 rows x 7 columns]"
121,08-06-2024,14_46_50,fear,"   anger  disgust  fear  ...  sadness  surprise  neutral
0      0        0     1  ...        1         1        1

[1 rows x 7 columns]"
122,08-06-2024,14_47_07,sadness,"   anger  disgust  fear  ...  sadness  surprise  neutral
0      0        0     0  ...        1         0        0

[1 rows x 7 columns]"
123,08-06-2024,14_47_23,anger,"   anger  disgust  fear  ...  sadness  surprise  neutral
0      1        0     1  ...        0         1        1

[1 rows x 7 columns]"
124,08-06-2024,14_47_25,neutral,"   anger  disgust  fear  ...  sadness  surprise  neutral
0      0        0     0  ...        0         0        1

[1 rows x 7 columns]"
125,08-06-2024,14_47_28,anger,"   anger  disgust  fear  ...  sadness  surprise  neutral
0      0        0     0  ...        0         0        0

[1 rows x 7 columns]"
126,08-06-2024,14_47_30,anger,"   anger  disgust  fear  ...  sadness  surprise  neutral
0      1        0     1  ...        1         1        1

[1 rows x 7 columns]"
127,08-06-2024,14_47_34,fear,"   anger  disgust  fear  ...  sadness  surprise  neutral
0      0        0     1  ...        0         1        1

[1 rows x 7 columns]"
128,08-06-2024,14_47_44,fear,"   anger  disgust  fear  ...  sadness  surprise  neutral
0      0        0     1  ...        1         1        1

[1 rows x 7 columns]"
129,08-06-2024,14_47_47,sadness,"   anger  disgust  fear  ...  sadness  surprise  neutral
0      0        0     0  ...        1         0        1

[1 rows x 7 columns]"
130,08-06-2024,14_48_08,anger,"   anger  disgust  fear  ...  sadness  surprise  neutral
0      1        0     0  ...        0         0        0

[1 rows x 7 columns]"
131,08-06-2024,14_48_27,anger,"   anger  disgust  fear  ...  sadness  surprise  neutral
0      1        0     1  ...        1         1        1

[1 rows x 7 columns]"
132,08-06-2024,14_48_47,anger,"   anger  disgust  fear  ...  sadness  surprise  neutral
0      1        0     0  ...        1         0        0

[1 rows x 7 columns]"
133,08-06-2024,14_48_48,anger,"   anger  disgust  fear  ...  sadness  surprise  neutral
0      1        0     1  ...        1         1        0

[1 rows x 7 columns]"
134,08-06-2024,14_48_50,fear,"   anger  disgust  fear  ...  sadness  surprise  neutral
0      0        0     1  ...        1         1        1

[1 rows x 7 columns]"
135,08-06-2024,14_48_55,sadness,"   anger  disgust  fear  ...  sadness  surprise  neutral
0      0        0     0  ...        1         1        1

[1 rows x 7 columns]"
136,08-06-2024,14_50_41,anger,"   anger  disgust  fear  ...  sadness  surprise  neutral
0      1        0     1  ...        1         1        1

[1 rows x 7 columns]"
137,08-06-2024,14_50_43,anger,"   anger  disgust  fear  ...  sadness  surprise  neutral
0      1        0     0  ...        0         0        1

[1 rows x 7 columns]"
138,08-06-2024,14_50_45,fear,"   anger  disgust  fear  ...  sadness  surprise  neutral
0      0        0     1  ...        1         1        1

[1 rows x 7 columns]"
139,08-06-2024,14_50_47,anger,"   anger  disgust  fear  ...  sadness  surprise  neutral
0      1        1     0  ...        1         0        1
1      0        0     0  ...        0         0        0

[2 rows x 7 columns]"
140,08-06-2024,14_50_49,sadness,"   anger  disgust  fear  ...  sadness  surprise  neutral
0      0        0     0  ...        1         0        1

[1 rows x 7 columns]"
141,08-06-2024,14_50_59,neutral,"   anger  disgust  fear  ...  sadness  surprise  neutral
0      0        0     0  ...        0         0        1

[1 rows x 7 columns]"
142,08-06-2024,14_51_01,anger,"   anger  disgust  fear  ...  sadness  surprise  neutral
0      1        0     0  ...        1         1        1

[1 rows x 7 columns]"
143,08-06-2024,14_51_04,anger,"   anger  disgust  fear  ...  sadness  surprise  neutral
0      1        0     0  ...        1         0        1

[1 rows x 7 columns]"
144,08-06-2024,14_51_06,anger,"   anger  disgust  fear  ...  sadness  surprise  neutral
0      1        0     0  ...        1         1        1

[1 rows x 7 columns]"
145,08-06-2024,14_51_07,surprise,"   anger  disgust  fear  ...  sadness  surprise  neutral
0      0        0     0  ...        0         1        1

[1 rows x 7 columns]"
146,08-06-2024,14_51_09,surprise,"   anger  disgust  fear  ...  sadness  surprise  neutral
0      0        0     0  ...        0         1        1

[1 rows x 7 columns]"
147,08-06-2024,14_51_11,neutral,"   anger  disgust  fear  ...  sadness  surprise  neutral
0      0        0     0  ...        0         0        1

[1 rows x 7 columns]"
148,08-06-2024,14_51_13,neutral,"   anger  disgust  fear  ...  sadness  surprise  neutral
0      0        0     0  ...        0         0        1

[1 rows x 7 columns]"
149,08-06-2024,14_51_15,neutral,"   anger  disgust  fear  ...  sadness  surprise  neutral
0      0        0     0  ...        0         0        1

[1 rows x 7 columns]"
150,08-06-2024,14_51_17,neutral,"   anger  disgust  fear  ...  sadness  surprise  neutral
0      0        0     0  ...        0         0        1

[1 rows x 7 columns]"
151,08-06-2024,14_51_19,anger,"   anger  disgust  fear  ...  sadness  surprise  neutral
0      1        0     1  ...        1         1        1

[1 rows x 7 columns]"
152,08-06-2024,14_51_21,neutral,"   anger  disgust  fear  ...  sadness  surprise  neutral
0      0        0     0  ...        0         0        1

[1 rows x 7 columns]"
153,08-06-2024,14_51_23,neutral,"   anger  disgust  fear  ...  sadness  surprise  neutral
0      0        0     0  ...        0         0        1

[1 rows x 7 columns]"
154,08-06-2024,14_51_25,anger,"   anger  disgust  fear  ...  sadness  surprise  neutral
0      1        0     1  ...        1         1        1

[1 rows x 7 columns]"
155,08-06-2024,14_51_27,fear,"   anger  disgust  fear  ...  sadness  surprise  neutral
0      0        0     1  ...        0         1        0

[1 rows x 7 columns]"
156,08-06-2024,14_51_28,anger,"   anger  disgust  fear  ...  sadness  surprise  neutral
0      1        0     1  ...        1         1        1

[1 rows x 7 columns]"
157,08-06-2024,14_51_30,anger,"   anger  disgust  fear  ...  sadness  surprise  neutral
0      1        0     1  ...        1         1        1

[1 rows x 7 columns]"
158,08-06-2024,14_51_42,fear,"   anger  disgust  fear  ...  sadness  surprise  neutral
0      0        0     1  ...        1         1        1

[1 rows x 7 columns]"
159,08-06-2024,14_51_53,anger,"   anger  disgust  fear  ...  sadness  surprise  neutral
0      1        0     0  ...        1         0        1

[1 rows x 7 columns]"
160,08-06-2024,14_52_25,anger,"   anger  disgust  fear  ...  sadness  surprise  neutral
0      1        0     0  ...        1         0        0

[1 rows x 7 columns]"
161,08-06-2024,14_52_27,anger,"   anger  disgust  fear  ...  sadness  surprise  neutral
0      1        1     0  ...        1         0        0

[1 rows x 7 columns]"
162,08-06-2024,14_52_29,anger,"   anger  disgust  fear  ...  sadness  surprise  neutral
0      1        0     0  ...        1         0        0

[1 rows x 7 columns]"
163,08-06-2024,14_52_31,sadness,"   anger  disgust  fear  ...  sadness  surprise  neutral
0      0        0     0  ...        1         0        0

[1 rows x 7 columns]"
164,08-06-2024,14_52_33,fear,"   anger  disgust  fear  ...  sadness  surprise  neutral
0      0        0     1  ...        0         0        1

[1 rows x 7 columns]"
165,08-06-2024,14_53_20,anger,"   anger  disgust  fear  ...  sadness  surprise  neutral
0      1        1     0  ...        1         0        0

[1 rows x 7 columns]"
166,08-06-2024,14_53_39,anger,"   anger  disgust  fear  ...  sadness  surprise  neutral
0      1        1     0  ...        1         0        1

[1 rows x 7 columns]"
167,08-06-2024,14_53_41,anger,"   anger  disgust  fear  ...  sadness  surprise  neutral
0      1        1     0  ...        0         0        0

[1 rows x 7 columns]"
168,08-06-2024,14_53_43,happiness,"   anger  disgust  fear  ...  sadness  surprise  neutral
0      0        0     0  ...        0         0        0
1      1        1     0  ...        1         0        1

[2 rows x 7 columns]"
169,08-06-2024,14_53_56,sadness,"   anger  disgust  fear  ...  sadness  surprise  neutral
0      0        0     0  ...        1         0        1

[1 rows x 7 columns]"
170,08-06-2024,14_53_58,sadness,"   anger  disgust  fear  ...  sadness  surprise  neutral
0      0        0     0  ...        1         0        1

[1 rows x 7 columns]"
171,08-06-2024,14_54_00,anger,"   anger  disgust  fear  ...  sadness  surprise  neutral
0      1        0     0  ...        1         1        1
1      0        1     0  ...        0         0        0

[2 rows x 7 columns]"
172,08-06-2024,14_54_02,neutral,"   anger  disgust  fear  ...  sadness  surprise  neutral
0      0        0     0  ...        0         0        1

[1 rows x 7 columns]"
173,08-06-2024,14_54_04,anger,"   anger  disgust  fear  ...  sadness  surprise  neutral
0      1        0     1  ...        1         1        1

[1 rows x 7 columns]"
174,08-06-2024,14_54_10,anger,"   anger  disgust  fear  ...  sadness  surprise  neutral
0      1        0     0  ...        1         0        0

[1 rows x 7 columns]"
175,08-06-2024,14_54_12,sadness,"   anger  disgust  fear  ...  sadness  surprise  neutral
0      0        0     0  ...        1         0        1

[1 rows x 7 columns]"
176,08-06-2024,14_54_14,fear,"   anger  disgust  fear  ...  sadness  surprise  neutral
0      0        0     1  ...        1         1        1

[1 rows x 7 columns]"
177,08-06-2024,14_54_16,fear,"   anger  disgust  fear  ...  sadness  surprise  neutral
0      0        0     1  ...        1         1        1

[1 rows x 7 columns]"
178,08-06-2024,14_54_24,anger,"   anger  disgust  fear  ...  sadness  surprise  neutral
0      1        0     1  ...        1         1        1

[1 rows x 7 columns]"
179,08-06-2024,14_54_27,anger,"   anger  disgust  fear  ...  sadness  surprise  neutral
0      0        0     0  ...        0         0        0

[1 rows x 7 columns]"
180,08-06-2024,14_54_39,sadness,"   anger  disgust  fear  ...  sadness  surprise  neutral
0      0        0     0  ...        1         0        0

[1 rows x 7 columns]"
181,08-06-2024,14_54_41,anger,"   anger  disgust  fear  ...  sadness  surprise  neutral
0      0        0     0  ...        0         0        0

[1 rows x 7 columns]"
182,08-06-2024,14_54_51,sadness,"   anger  disgust  fear  ...  sadness  surprise  neutral
0      0        0     0  ...        1         1        0

[1 rows x 7 columns]"
183,08-06-2024,14_54_54,neutral,"   anger  disgust  fear  ...  sadness  surprise  neutral
0      0        0     0  ...        0         0        1

[1 rows x 7 columns]"
184,08-06-2024,14_54_58,neutral,"   anger  disgust  fear  ...  sadness  surprise  neutral
0      0        0     0  ...        0         0        1

[1 rows x 7 columns]"
185,08-06-2024,14_55_00,anger,"   anger  disgust  fear  ...  sadness  surprise  neutral
0      0        0     0  ...        0         0        0

[1 rows x 7 columns]"
186,08-06-2024,14_55_05,anger,"   anger  disgust  fear  ...  sadness  surprise  neutral
0      1        0     1  ...        1         1        1

[1 rows x 7 columns]"
187,08-06-2024,14_55_15,fear,"   anger  disgust  fear  ...  sadness  surprise  neutral
0      0        0     1  ...        1         1        1

[1 rows x 7 columns]"
188,08-06-2024,14_55_18,neutral,"   anger  disgust  fear  ...  sadness  surprise  neutral
0      0        0     0  ...        0         0        1

[1 rows x 7 columns]"
189,08-06-2024,14_55_20,anger,"   anger  disgust  fear  ...  sadness  surprise  neutral
0      1        1     0  ...        1         0        0

[1 rows x 7 columns]"
190,08-06-2024,14_55_24,anger,"   anger  disgust  fear  ...  sadness  surprise  neutral
0      1        1     0  ...        1         0        0

[1 rows x 7 columns]"
191,08-06-2024,14_55_26,anger,"   anger  disgust  fear  ...  sadness  surprise  neutral
0      1        1     0  ...        1         0        0

[1 rows x 7 columns]"
192,08-06-2024,14_55_33,anger,"   anger  disgust  fear  ...  sadness  surprise  neutral
0      1        1     0  ...        1         0        1

[1 rows x 7 columns]"
193,08-06-2024,14_55_35,anger,"   anger  disgust  fear  ...  sadness  surprise  neutral
0      1        1     0  ...        1         0        0

[1 rows x 7 columns]"
194,08-06-2024,14_55_37,anger,"   anger  disgust  fear  ...  sadness  surprise  neutral
0      1        0     0  ...        1         1        1

[1 rows x 7 columns]"
195,08-06-2024,14_55_40,anger,"   anger  disgust  fear  ...  sadness  surprise  neutral
0      1        0     0  ...        1         0        1

[1 rows x 7 columns]"
196,08-06-2024,14_55_42,anger,"   anger  disgust  fear  ...  sadness  surprise  neutral
0      1        0     0  ...        1         1        1

[1 rows x 7 columns]"
197,08-06-2024,14_55_45,neutral,"   anger  disgust  fear  ...  sadness  surprise  neutral
0      0        0     0  ...        0         0        1

[1 rows x 7 columns]"
198,08-06-2024,14_55_47,anger,"   anger  disgust  fear  ...  sadness  surprise  neutral
0      1        0     0  ...        1         1        1

[1 rows x 7 columns]"
199,08-06-2024,14_55_49,anger,"   anger  disgust  fear  ...  sadness  surprise  neutral
0      1        0     1  ...        1         1        1

[1 rows x 7 columns]"
200,08-06-2024,14_55_51,anger,"   anger  disgust  fear  ...  sadness  surprise  neutral
0      1        0     0  ...        0         0        1

[1 rows x 7 columns]"
201,08-06-2024,14_55_53,anger,"   anger  disgust  fear  ...  sadness  surprise  neutral
0      1        0     0  ...        1         0        1

[1 rows x 7 columns]"
202,08-06-2024,14_55_56,anger,"   anger  disgust  fear  ...  sadness  surprise  neutral
0      1        0     1  ...        1         1        1

[1 rows x 7 columns]"
203,08-06-2024,14_56_04,anger,"   anger  disgust  fear  ...  sadness  surprise  neutral
0      0        0     0  ...        0         0        0

[1 rows x 7 columns]"
204,08-06-2024,14_56_32,anger,"   anger  disgust  fear  ...  sadness  surprise  neutral
0      1        0     0  ...        0         0        0

[1 rows x 7 columns]"
205,08-06-2024,14_56_45,neutral,"   anger  disgust  fear  ...  sadness  surprise  neutral
0      0        0     0  ...        0         0        1

[1 rows x 7 columns]"
206,08-06-2024,14_56_47,anger,"   anger  disgust  fear  ...  sadness  surprise  neutral
0      1        0     0  ...        1         0        1

[1 rows x 7 columns]"
207,08-06-2024,14_56_56,anger,"   anger  disgust  fear  ...  sadness  surprise  neutral
0      1        0     1  ...        1         1        1

[1 rows x 7 columns]"
208,08-06-2024,14_57_08,anger,"   anger  disgust  fear  ...  sadness  surprise  neutral
0      1        0     0  ...        1         0        1

[1 rows x 7 columns]"
209,08-06-2024,14_57_16,anger,"   anger  disgust  fear  ...  sadness  surprise  neutral
0      1        0     0  ...        1         0        0

[1 rows x 7 columns]"
210,08-06-2024,14_57_18,surprise,"   anger  disgust  fear  ...  sadness  surprise  neutral
0      0        0     0  ...        0         1        1

[1 rows x 7 columns]"
211,08-06-2024,14_57_43,anger,"   anger  disgust  fear  ...  sadness  surprise  neutral
0      1        1     0  ...        1         0        1

[1 rows x 7 columns]"
212,08-06-2024,14_57_53,fear,"   anger  disgust  fear  ...  sadness  surprise  neutral
0      0        0     1  ...        1         1        1

[1 rows x 7 columns]"
213,08-06-2024,14_57_56,fear,"   anger  disgust  fear  ...  sadness  surprise  neutral
0      0        0     1  ...        0         1        1

[1 rows x 7 columns]"
214,08-06-2024,14_58_12,disgust,"   anger  disgust  fear  ...  sadness  surprise  neutral
0      0        1     0  ...        0         0        0

[1 rows x 7 columns]"
215,08-06-2024,14_58_17,fear,"   anger  disgust  fear  ...  sadness  surprise  neutral
0      0        0     1  ...        1         1        1

[1 rows x 7 columns]"
216,08-06-2024,14_58_19,anger,"   anger  disgust  fear  ...  sadness  surprise  neutral
0      1        0     1  ...        1         1        1

[1 rows x 7 columns]"
217,08-06-2024,14_58_21,anger,"   anger  disgust  fear  ...  sadness  surprise  neutral
0      1        0     1  ...        1         1        1

[1 rows x 7 columns]"
218,08-06-2024,14_58_23,anger,"   anger  disgust  fear  ...  sadness  surprise  neutral
0      1        0     1  ...        1         1        1

[1 rows x 7 columns]"
219,08-06-2024,14_58_26,anger,"   anger  disgust  fear  ...  sadness  surprise  neutral
0      1        0     1  ...        1         1        1

[1 rows x 7 columns]"
