,Date,Hour,Detected emotion,Data
0,08-06-2024,13_59_51,anger,"   anger  disgust  fear  ...  sadness  surprise  neutral
0      1        0     0  ...        0         0        1

[1 rows x 7 columns]"
1,08-06-2024,13_59_53,neutral,"   anger  disgust  fear  ...  sadness  surprise  neutral
0      0        0     0  ...        0         0        1

[1 rows x 7 columns]"
2,08-06-2024,13_59_55,neutral,"   anger  disgust  fear  ...  sadness  surprise  neutral
0      0        0     0  ...        0         0        1

[1 rows x 7 columns]"
3,08-06-2024,13_59_56,sadness,"   anger  disgust  fear  ...  sadness  surprise  neutral
0      0        0     0  ...        1         0        1

[1 rows x 7 columns]"
4,08-06-2024,13_59_57,sadness,"   anger  disgust  fear  ...  sadness  surprise  neutral
0      0        0     0  ...        1         1        1
1      1        1     0  ...        1         0        0

[2 rows x 7 columns]"
5,08-06-2024,13_59_59,anger,"   anger  disgust  fear  ...  sadness  surprise  neutral
0      1        0     0  ...        0         0        0

[1 rows x 7 columns]"
6,08-06-2024,14_00_01,happiness,"   anger  disgust  fear  ...  sadness  surprise  neutral
0      0        0     0  ...        0         0        0

[1 rows x 7 columns]"
7,08-06-2024,14_00_04,anger,"   anger  disgust  fear  ...  sadness  surprise  neutral
0      1        0     0  ...        0         0        1

[1 rows x 7 columns]"
8,08-06-2024,14_00_12,fear,"   anger  disgust  fear  ...  sadness  surprise  neutral
0      0        0     1  ...        0         1        1

[1 rows x 7 columns]"
9,08-06-2024,14_00_16,neutral,"   anger  disgust  fear  ...  sadness  surprise  neutral
0      0        0     0  ...        0         0        1

[1 rows x 7 columns]"
10,08-06-2024,14_00_18,neutral,"   anger  disgust  fear  ...  sadness  surprise  neutral
0      0        0     0  ...        0         0        1
1      0        0     0  ...        1         0        0

[2 rows x 7 columns]"
11,08-06-2024,14_00_21,happiness,"   anger  disgust  fear  ...  sadness  surprise  neutral
0      0        0     0  ...        0         0        0
1      1        0     0  ...        1         0        0

[2 rows x 7 columns]"
12,08-06-2024,14_01_03,neutral,"   anger  disgust  fear  ...  sadness  surprise  neutral
0      0        0     0  ...        0         0        1

[1 rows x 7 columns]"
13,08-06-2024,14_01_05,anger,"   anger  disgust  fear  ...  sadness  surprise  neutral
0      0        0     0  ...        0         0        0

[1 rows x 7 columns]"
14,08-06-2024,14_01_08,happiness,"   anger  disgust  fear  ...  sadness  surprise  neutral
0      0        0     0  ...        0         0        0

[1 rows x 7 columns]"
15,08-06-2024,14_06_11,sadness,"   anger  disgust  fear  ...  sadness  surprise  neutral
0      0        0     0  ...        1         0        0

[1 rows x 7 columns]"
16,08-06-2024,14_06_45,anger,"   anger  disgust  fear  ...  sadness  surprise  neutral
0      1        0     0  ...        1         0        1

[1 rows x 7 columns]"
17,08-06-2024,14_06_46,neutral,"   anger  disgust  fear  ...  sadness  surprise  neutral
0      0        0     0  ...        0         0        1

[1 rows x 7 columns]"
18,08-06-2024,14_06_48,neutral,"   anger  disgust  fear  ...  sadness  surprise  neutral
0      0        0     0  ...        0         0        1

[1 rows x 7 columns]"
19,08-06-2024,14_06_49,sadness,"   anger  disgust  fear  ...  sadness  surprise  neutral
0      0        0     0  ...        1         0        1

[1 rows x 7 columns]"
20,08-06-2024,14_06_50,sadness,"   anger  disgust  fear  ...  sadness  surprise  neutral
0      0        0     0  ...        1         0        1

[1 rows x 7 columns]"
21,08-06-2024,14_06_52,neutral,"   anger  disgust  fear  ...  sadness  surprise  neutral
0      0        0     0  ...        0         0        1

[1 rows x 7 columns]"
22,08-06-2024,14_07_23,sadness,"   anger  disgust  fear  ...  sadness  surprise  neutral
0      0        0     0  ...        1         0        1

[1 rows x 7 columns]"
23,08-06-2024,14_07_27,sadness,"   anger  disgust  fear  ...  sadness  surprise  neutral
0      0        0     0  ...        1         0        1

[1 rows x 7 columns]"
24,08-06-2024,14_07_33,happiness,"   anger  disgust  fear  ...  sadness  surprise  neutral
0      0        0     0  ...        0         0        0

[1 rows x 7 columns]"
25,08-06-2024,14_07_36,sadness,"   anger  disgust  fear  ...  sadness  surprise  neutral
0      0        0     0  ...        1         0        1

[1 rows x 7 columns]"
26,08-06-2024,14_07_37,surprise,"   anger  disgust  fear  ...  sadness  surprise  neutral
0      0        0     0  ...        0         1        1

[1 rows x 7 columns]"
27,08-06-2024,14_07_39,surprise,"   anger  disgust  fear  ...  sadness  surprise  neutral
0      0        0     0  ...        0         1        0

[1 rows x 7 columns]"
28,08-06-2024,14_07_41,sadness,"   anger  disgust  fear  ...  sadness  surprise  neutral
0      0        0     0  ...        1         0        1

[1 rows x 7 columns]"
29,08-06-2024,14_07_43,anger,"   anger  disgust  fear  ...  sadness  surprise  neutral
0      0        0     0  ...        0         0        0

[1 rows x 7 columns]"
30,08-06-2024,14_07_46,sadness,"   anger  disgust  fear  ...  sadness  surprise  neutral
0      0        0     0  ...        1         1        0

[1 rows x 7 columns]"
31,08-06-2024,14_07_48,sadness,"   anger  disgust  fear  ...  sadness  surprise  neutral
0      0        0     0  ...        1         0        1

[1 rows x 7 columns]"
32,08-06-2024,14_07_56,happiness,"   anger  disgust  fear  ...  sadness  surprise  neutral
0      0        0     0  ...        0         0        0

[1 rows x 7 columns]"
33,08-06-2024,14_07_59,happiness,"   anger  disgust  fear  ...  sadness  surprise  neutral
0      0        0     0  ...        0         0        1

[1 rows x 7 columns]"
34,08-06-2024,14_39_41,neutral,"   anger  disgust  fear  ...  sadness  surprise  neutral
0      0        0     0  ...        0         0        1

[1 rows x 7 columns]"
35,08-06-2024,14_39_43,anger,"   anger  disgust  fear  ...  sadness  surprise  neutral
0      1        1     0  ...        1         0        0

[1 rows x 7 columns]"
36,08-06-2024,14_39_45,neutral,"   anger  disgust  fear  ...  sadness  surprise  neutral
0      0        0     0  ...        0         0        1

[1 rows x 7 columns]"
37,08-06-2024,14_39_46,neutral,"   anger  disgust  fear  ...  sadness  surprise  neutral
0      0        0     0  ...        0         0        1

[1 rows x 7 columns]"
38,08-06-2024,14_39_48,neutral,"   anger  disgust  fear  ...  sadness  surprise  neutral
0      0        0     0  ...        0         0        1

[1 rows x 7 columns]"
39,08-06-2024,14_39_49,anger,"   anger  disgust  fear  ...  sadness  surprise  neutral
0      0        0     0  ...        0         0        0

[1 rows x 7 columns]"
40,08-06-2024,14_39_51,neutral,"   anger  disgust  fear  ...  sadness  surprise  neutral
0      0        0     0  ...        0         0        1

[1 rows x 7 columns]"
41,08-06-2024,14_39_52,neutral,"   anger  disgust  fear  ...  sadness  surprise  neutral
0      0        0     0  ...        0         0        1

[1 rows x 7 columns]"
42,08-06-2024,14_39_54,happiness,"   anger  disgust  fear  ...  sadness  surprise  neutral
0      0        0     0  ...        0         0        0

[1 rows x 7 columns]"
43,08-06-2024,14_39_56,sadness,"   anger  disgust  fear  ...  sadness  surprise  neutral
0      0        0     0  ...        1         1        0

[1 rows x 7 columns]"
44,08-06-2024,14_39_57,anger,"   anger  disgust  fear  ...  sadness  surprise  neutral
0      1        0     0  ...        0         0        1

[1 rows x 7 columns]"
45,08-06-2024,14_39_59,sadness,"   anger  disgust  fear  ...  sadness  surprise  neutral
0      0        0     0  ...        1         0        1

[1 rows x 7 columns]"
46,08-06-2024,14_40_00,sadness,"   anger  disgust  fear  ...  sadness  surprise  neutral
0      0        0     0  ...        1         0        1

[1 rows x 7 columns]"
47,08-06-2024,14_40_02,anger,"   anger  disgust  fear  ...  sadness  surprise  neutral
0      1        0     1  ...        1         1        1

[1 rows x 7 columns]"
48,08-06-2024,14_40_24,sadness,"   anger  disgust  fear  ...  sadness  surprise  neutral
0      0        0     0  ...        1         1        1

[1 rows x 7 columns]"
49,08-06-2024,14_40_26,sadness,"   anger  disgust  fear  ...  sadness  surprise  neutral
0      0        0     0  ...        1         0        1

[1 rows x 7 columns]"
50,08-06-2024,14_40_28,neutral,"   anger  disgust  fear  ...  sadness  surprise  neutral
0      0        0     0  ...        0         0        1

[1 rows x 7 columns]"
51,08-06-2024,14_40_31,neutral,"   anger  disgust  fear  ...  sadness  surprise  neutral
0      0        0     0  ...        0         0        1

[1 rows x 7 columns]"
52,08-06-2024,14_40_32,neutral,"   anger  disgust  fear  ...  sadness  surprise  neutral
0      0        0     0  ...        0         0        1

[1 rows x 7 columns]"
53,08-06-2024,14_40_35,anger,"   anger  disgust  fear  ...  sadness  surprise  neutral
0      1        0     1  ...        0         1        1

[1 rows x 7 columns]"
54,08-06-2024,14_40_37,anger,"   anger  disgust  fear  ...  sadness  surprise  neutral
0      1        0     1  ...        1         1        1

[1 rows x 7 columns]"
55,08-06-2024,14_40_40,anger,"   anger  disgust  fear  ...  sadness  surprise  neutral
0      1        0     0  ...        1         0        0

[1 rows x 7 columns]"
56,08-06-2024,14_40_42,anger,"   anger  disgust  fear  ...  sadness  surprise  neutral
0      1        1     1  ...        1         1        1

[1 rows x 7 columns]"
57,08-06-2024,14_40_43,anger,"   anger  disgust  fear  ...  sadness  surprise  neutral
0      1        0     0  ...        1         0        1

[1 rows x 7 columns]"
58,08-06-2024,14_40_45,neutral,"   anger  disgust  fear  ...  sadness  surprise  neutral
0      0        0     0  ...        0         0        1

[1 rows x 7 columns]"
59,08-06-2024,14_40_47,anger,"   anger  disgust  fear  ...  sadness  surprise  neutral
0      1        0     0  ...        1         0        1

[1 rows x 7 columns]"
60,08-06-2024,14_40_48,sadness,"   anger  disgust  fear  ...  sadness  surprise  neutral
0      0        0     0  ...        1         1        1

[1 rows x 7 columns]"
