,Date,Hour,Detected emotion,Data
0,08-06-2024,13_59_51,anger,"   anger  disgust  fear  ...  sadness  surprise  neutral
0      1        0     0  ...        0         0        1

[1 rows x 7 columns]"
1,08-06-2024,13_59_53,neutral,"   anger  disgust  fear  ...  sadness  surprise  neutral
0      0        0     0  ...        0         0        1

[1 rows x 7 columns]"
2,08-06-2024,13_59_55,neutral,"   anger  disgust  fear  ...  sadness  surprise  neutral
0      0        0     0  ...        0         0        1

[1 rows x 7 columns]"
3,08-06-2024,13_59_56,sadness,"   anger  disgust  fear  ...  sadness  surprise  neutral
0      0        0     0  ...        1         0        1

[1 rows x 7 columns]"
4,08-06-2024,13_59_57,sadness,"   anger  disgust  fear  ...  sadness  surprise  neutral
0      0        0     0  ...        1         1        1
1      1        1     0  ...        1         0        0

[2 rows x 7 columns]"
5,08-06-2024,13_59_59,anger,"   anger  disgust  fear  ...  sadness  surprise  neutral
0      1        0     0  ...        0         0        0

[1 rows x 7 columns]"
6,08-06-2024,14_00_01,happiness,"   anger  disgust  fear  ...  sadness  surprise  neutral
0      0        0     0  ...        0         0        0

[1 rows x 7 columns]"
7,08-06-2024,14_00_04,anger,"   anger  disgust  fear  ...  sadness  surprise  neutral
0      1        0     0  ...        0         0        1

[1 rows x 7 columns]"
8,08-06-2024,14_00_12,fear,"   anger  disgust  fear  ...  sadness  surprise  neutral
0      0        0     1  ...        0         1        1

[1 rows x 7 columns]"
9,08-06-2024,14_00_16,neutral,"   anger  disgust  fear  ...  sadness  surprise  neutral
0      0        0     0  ...        0         0        1

[1 rows x 7 columns]"
10,08-06-2024,14_00_18,neutral,"   anger  disgust  fear  ...  sadness  surprise  neutral
0      0        0     0  ...        0         0        1
1      0        0     0  ...        1         0        0

[2 rows x 7 columns]"
11,08-06-2024,14_00_21,happiness,"   anger  disgust  fear  ...  sadness  surprise  neutral
0      0        0     0  ...        0         0        0
1      1        0     0  ...        1         0        0

[2 rows x 7 columns]"
12,08-06-2024,14_01_03,neutral,"   anger  disgust  fear  ...  sadness  surprise  neutral
0      0        0     0  ...        0         0        1

[1 rows x 7 columns]"
13,08-06-2024,14_01_05,anger,"   anger  disgust  fear  ...  sadness  surprise  neutral
0      0        0     0  ...        0         0        0

[1 rows x 7 columns]"
14,08-06-2024,14_01_08,happiness,"   anger  disgust  fear  ...  sadness  surprise  neutral
0      0        0     0  ...        0         0        0

[1 rows x 7 columns]"
15,08-06-2024,14_06_11,sadness,"   anger  disgust  fear  ...  sadness  surprise  neutral
0      0        0     0  ...        1         0        0

[1 rows x 7 columns]"
16,08-06-2024,14_06_45,anger,"   anger  disgust  fear  ...  sadness  surprise  neutral
0      1        0     0  ...        1         0        1

[1 rows x 7 columns]"
17,08-06-2024,14_06_46,neutral,"   anger  disgust  fear  ...  sadness  surprise  neutral
0      0        0     0  ...        0         0        1

[1 rows x 7 columns]"
18,08-06-2024,14_06_48,neutral,"   anger  disgust  fear  ...  sadness  surprise  neutral
0      0        0     0  ...        0         0        1

[1 rows x 7 columns]"
19,08-06-2024,14_06_49,sadness,"   anger  disgust  fear  ...  sadness  surprise  neutral
0      0        0     0  ...        1         0        1

[1 rows x 7 columns]"
20,08-06-2024,14_06_50,sadness,"   anger  disgust  fear  ...  sadness  surprise  neutral
0      0        0     0  ...        1         0        1

[1 rows x 7 columns]"
21,08-06-2024,14_06_52,neutral,"   anger  disgust  fear  ...  sadness  surprise  neutral
0      0        0     0  ...        0         0        1

[1 rows x 7 columns]"
22,08-06-2024,14_07_23,sadness,"   anger  disgust  fear  ...  sadness  surprise  neutral
0      0        0     0  ...        1         0        1

[1 rows x 7 columns]"
23,08-06-2024,14_07_27,sadness,"   anger  disgust  fear  ...  sadness  surprise  neutral
0      0        0     0  ...        1         0        1

[1 rows x 7 columns]"
24,08-06-2024,14_07_33,happiness,"   anger  disgust  fear  ...  sadness  surprise  neutral
0      0        0     0  ...        0         0        0

[1 rows x 7 columns]"
